model,RMSE,MAE,Coverage_90,NRMSE
LSTM-MC,415.383038,409.566474,0.650718,0.215934
ARIMA-baseline,727.056074,723.771941,0.000684,
Prophet-baseline,1326.206919,1324.308306,0.000000,
